Extension,Load
0,0.060163257
0.00283,1.294019874
0.00364,2.665538181
0.00428,4.000346704
0.00492,5.503408401
0.00546,6.879005573
0.00594,8.268878771
0.00637,9.585332402
0.00696,11.09757155
0.00755,12.60267268
0.00814,14.09655693
0.00873,15.55067225
0.00932,16.98133409
0.00996,18.37324673
0.0106,19.73966645
0.01119,21.11118476
0.01173,22.42967782
0.01242,23.88175371
0.01317,25.34096761
0.01387,26.7930435
0.01467,28.22268563
0.01526,29.52180408
0.01596,30.96368281
0.01671,32.36477288
0.01757,33.73323204
0.01891,35.07313915
0.02041,36.36817874
0.02201,37.7244013
0.02469,39.01026344
0.02962,38.40761116
0.03471,37.93140369
0.03958,37.55002983
0.04467,37.36852034
0.0496,37.14418277
0.05464,37.03303371
0.05962,37.10237441
0.0646,37.08198008
0.06964,37.08401952
0.07467,37.12786731
0.07966,37.1706954
0.08464,37.01161967
0.08967,36.94737754
0.09466,36.81685387
0.09969,36.83316933
0.10467,36.84540592
0.1096,36.98714648
0.11458,37.0952364
0.11967,36.94635783
0.1246,36.90352975
0.12964,36.91984521
0.13462,36.94839726
0.13971,36.95247613
0.14464,36.88313542
0.14967,36.81175529
0.1546,36.74649345
0.15974,36.74241459
0.16457,36.50787986
0.16966,36.41406597
0.17464,36.43955887
0.17973,36.51501787
0.18466,36.64962041
0.18974,36.62514722
0.19473,36.67919218
0.19976,36.61596978
0.20469,36.69856679
0.20978,36.84540592
0.21466,36.91066776
0.21974,36.95757471
0.22473,36.963693
0.22976,36.98612676
0.23474,36.84132706
0.23978,36.73935544
0.24466,36.56906283
0.2498,36.55682624
0.25462,36.56600368
0.25971,36.76688778
0.26464,36.99530421
0.26967,37.05444775
0.2746,37.08503923
0.27969,36.97796903
0.28462,36.84132706
0.28971,36.7179414
0.29458,36.70162594
0.29962,36.79136096
0.3046,36.76076948
0.30964,36.76892721
0.31462,36.67205417
0.31976,36.71692168
0.32458,36.62616694
0.32967,36.66593587
0.33466,36.75261175
0.33964,36.88721429
0.34467,36.90454946
0.3496,36.88313542
0.35475,36.96267329
0.35967,36.96471272
0.36466,37.00856052
0.36953,37.08605895
0.37473,37.10645327
0.37955,37.14826164
0.38469,37.17273483
0.38957,37.20434603
0.39471,37.11767015
0.39958,37.14214334
0.40467,36.93310152
0.4096,37.06974349
0.41469,37.1268476
0.41967,37.12276873
0.42476,37.29917964
0.42958,37.32773169
0.43473,37.40624984
0.43971,37.30733737
0.44474,37.44703849
0.44973,37.6367057
0.45476,37.78252512
0.45969,37.81515604
0.46478,37.74377591
0.4696,37.66321833
0.47474,37.48272856
0.47967,37.39605268
0.48471,37.41032871
0.48974,37.53779323
0.49473,37.50822146
0.49966,37.57858188
0.50474,37.67647464
0.50962,37.66321833
0.51471,37.80801803
0.51958,37.85798412
0.52473,37.93242341
0.5296,37.99768524
0.5348,37.94466
0.53957,37.87837845
0.54471,37.87124043
0.54958,37.92426568
0.55462,37.94567972
0.5596,37.94058114
0.56464,37.86512214
0.56967,37.8753193
0.57471,38.08742027
0.57964,38.16695814
0.58457,38.23018054
0.58971,38.24853543
0.59458,38.15166239
0.59973,38.20366792
0.6046,38.20774678
0.60969,38.31991557
0.61462,38.40149286
0.61966,38.36172393
0.62458,38.46267584
0.62967,38.39537457
0.6346,38.25159458
0.63975,38.38007882
0.64451,38.3535662
0.64966,38.28320578
0.65464,38.34540847
0.65973,38.32297472
0.6646,38.40455201
0.66969,38.39945343
0.67467,38.57586434
0.67976,38.72066404
0.68464,38.85832573
0.68973,39.01026344
0.69471,38.88687778
0.69969,38.93582416
0.70473,38.9949677
0.70976,39.16424059
0.71469,39.1897335
0.71978,39.13160967
0.72466,39.0265789
0.72975,39.076545
0.73462,39.19279265
0.73982,39.19585179
0.74469,39.20706867
0.74983,39.24887704
0.7546,39.13874769
0.7598,39.12447166
0.76462,39.25703477
0.76966,39.42630766
0.77464,39.44568227
0.77973,39.61087629
0.78466,39.63432977
0.78975,39.69245359
0.79462,39.63432977
0.79966,39.6363692
0.80464,39.41814993
0.80962,39.44466255
0.81466,39.62719175
0.81969,39.75261685
0.82467,39.71284791
0.82966,39.75465628
0.83458,39.77912947
0.83957,39.77912947
0.84466,39.75057741
0.84958,39.78830691
0.85473,39.92087002
0.85955,40.01672335
0.86469,40.20741028
0.86962,40.24513978
0.87471,40.23698205
0.87958,40.19517368
0.88473,40.19415397
0.8896,40.18599624
0.89474,40.1961934
0.89962,40.27471155
0.90471,40.27675098
0.90969,40.20842999
0.91467,40.36546629
0.91966,40.36036771
0.92474,40.48171394
0.92967,40.62549393
0.93471,40.74378101
0.93964,40.72950498
0.94478,40.81516114
0.94966,40.77029363
0.9548,40.69381491
0.95973,40.65302626
0.96476,40.74887959
0.96969,40.84779206
0.97478,40.95690169
0.97971,40.91509333
0.98469,40.90285673
0.98973,40.86818638
0.99476,41.02828183
0.99974,41.23936309
1.00478,41.30666436
1.00971,41.3596896
1.01475,41.48205554
1.01967,41.51264703
1.02471,41.55853426
1.02964,41.52284419
1.03473,41.38620222
1.0396,41.44330633
1.04475,41.48409498
1.04957,41.41883314
1.05466,41.65948616
1.05964,41.5799483
1.06462,41.5860666
1.06966,41.63399326
1.07458,41.69109737
1.07967,41.81142388
1.08466,41.85323225
1.08964,41.80224643
1.09457,41.82977877
1.09971,41.9072772
1.10464,41.96744046
1.10973,41.95622358
1.1146,42.15404853
1.11969,42.15506824
1.12467,42.24276384
1.12966,42.17240342
1.13458,42.22236951
1.13973,42.40591843
1.14466,42.42733247
1.14969,42.50890977
1.15457,42.59354622
1.15976,42.56397445
1.16464,42.45384509
1.16973,42.43956907
1.17466,42.42733247
1.17964,42.44058878
1.18467,42.44874651
1.18976,42.58130962
1.19469,42.65880805
1.19967,42.70877415
1.20471,42.66696578
1.2098,42.62005884
1.21473,42.74038535
1.21976,42.81380492
1.22475,42.76791769
1.22978,42.79443031
1.23471,42.64351231
1.23975,42.64045316
1.24467,42.54561955
1.24982,42.72406989
1.25469,42.73630649
1.25978,42.82400208
1.26466,42.89742165
1.26975,42.70775443
1.27462,42.91373711
1.27966,42.95248632
1.28464,42.96574263
1.28967,43.12277893
1.29466,43.31346586
1.29964,43.29918984
1.30462,43.26757863
1.3096,43.38076713
1.31464,43.460305
1.31967,43.70809604
1.32466,43.76418043
1.32964,43.81006766
1.33467,43.83046198
1.33966,43.72747064
1.34469,43.62957789
1.34962,43.61938073
1.35471,43.63365675
1.35964,43.62549902
1.36467,43.7182932
1.3696,43.83352113
1.37475,43.87023091
1.37957,43.92529559
1.38471,43.96302509
1.38964,44.0456221
1.39462,43.98647856
1.39966,44.0955882
1.40474,44.18838237
1.40967,43.93957162
1.41466,44.0078926
1.41964,43.91611814
1.42473,43.9008224
1.42966,43.96608424
1.43469,43.99055743
1.43967,44.10272621
1.44476,44.16085004
1.44969,44.0078926
1.45473,44.00381374
1.45976,44.04358267
1.4648,44.11190366
1.46973,44.36173413
1.47482,44.54324362
1.47969,44.55649993
1.48478,44.67580672
1.48971,44.62482091
1.49474,44.69416161
1.49967,44.67886587
1.50476,44.70639821
1.50969,44.73495026
1.51473,44.75840374
1.51966,44.77064033
1.52469,44.8318233
1.52962,44.78899522
1.53466,44.72067424
1.53958,44.70741793
1.54462,44.78797551
1.5496,45.03474683
1.55464,45.07655519
1.55962,45.23767036
1.5646,45.26418298
1.56964,45.44059388
1.57467,45.4793431
1.57966,45.34983914
1.58458,45.40694325
1.58967,45.39572637
1.5946,45.28559702
1.59964,45.42325871
1.60473,45.49769799
1.6096,45.49259941
1.61464,45.53542749
1.61967,45.57315699
1.6246,45.52828948
1.62969,45.85357895
1.63462,45.90252533
1.63976,46.08913339
1.64464,46.16357268
1.64967,46.17376984
1.6546,46.27370203
1.65975,46.37057507
1.66457,46.485803
1.66971,46.52863108
1.67464,46.65915476
1.67973,46.65099703
1.68466,46.5989915
1.68974,46.58777462
1.69467,46.5296508
1.69976,46.46438896
1.70469,46.56432115
1.70978,46.67852937
1.71471,46.68872653
1.71974,46.74481092
1.72473,46.75092922
1.72976,46.83760509
1.73474,46.7499095
1.73978,46.70810114
1.74466,47.00075969
1.7498,46.88757119
1.75462,46.79069815
1.75971,46.84780226
1.76458,46.92530069
1.76967,47.00585827
1.77466,47.10579046
1.77964,47.2842408
1.78462,47.38927157
1.78966,47.33216746
1.79458,47.46880943
1.79962,47.47186858
1.8046,47.43311936
1.80964,47.53509098
1.81462,47.61564857
1.81971,47.65031892
1.82458,47.57791907
1.82962,47.52591354
1.83466,47.46371085
1.83964,47.47390801
1.84467,47.60137254
1.8496,47.59525424
1.85474,47.80531578
1.85962,47.87873535
1.86466,47.94603662
1.86958,48.02353505
1.87473,48.03067306
1.87955,47.90218882
1.88469,48.13774327
1.88962,48.1713939
1.89471,48.44773699
1.89958,48.40592863
1.90467,48.55582691
1.90966,48.66085768
1.91469,48.64250279
1.91967,48.70062662
1.92476,48.71490264
1.92958,48.85358405
1.93473,48.83217001
1.93971,48.94943737
1.94475,49.00042318
1.94973,49.00348233
1.95476,48.95657539
1.95969,49.05242871
1.96478,49.15440033
1.96966,49.18499182
1.97475,49.3787379
1.97973,49.29614088
1.98471,49.24005649
1.98969,49.20946501
1.99473,49.32673237
1.99966,49.35732386
2.00475,49.46337434
2.00962,49.51537987
2.01471,49.68771191
2.01958,49.72748084
2.02473,49.7876441
2.02955,49.80090041
2.0348,49.92428607
2.03951,49.92530579
2.04471,50.07316464
2.04958,50.12618988
2.05462,50.18533342
2.0596,50.13128846
2.06464,50.19247144
2.06967,50.19553058
2.07471,50.1588208
2.07964,50.24345725
2.08457,50.30260079
2.08966,50.36888234
2.09453,50.38723723
2.09973,50.36888234
2.1046,50.2781276
2.10969,50.25671356
2.11462,50.25263469
2.11966,50.36072461
2.12458,50.5238792
2.12967,50.52285949
2.1346,50.61055508
2.13975,50.61565366
2.14457,50.66867891
2.14971,50.54733268
2.15464,50.59423962
2.15973,50.63196912
2.1646,50.75841393
2.16975,50.82163634
2.17467,50.81755747
2.17976,50.81449833
2.18464,50.85936584
2.18973,50.88077988
2.19471,50.87670101
2.19969,50.9195291
2.20473,50.99906696
2.20976,51.10715688
2.21469,51.08268369
2.21978,51.20402992
2.22466,51.19893134
2.22974,51.29274523
2.23462,51.33251416
2.23982,51.41205203
2.24464,51.49668847
2.24983,51.58234463
2.2546,51.51198421
2.25975,51.65066562
2.26462,51.59050236
2.26971,51.65678392
2.27464,51.77711043
2.27973,51.75365696
2.28466,51.81789908
2.28974,51.78832731
2.29462,51.84339198
2.2996,51.81891879
2.30464,51.83625397
2.30962,51.91069325
2.31466,52.0330592
2.31969,52.15134628
2.32467,52.16664202
2.32966,52.30430371
2.33464,52.15134628
2.33962,52.20233209
2.34466,52.19417436
2.34958,52.31246144
2.35473,52.37976271
2.35955,52.46745831
2.36469,52.3726247
2.36962,52.43890625
2.37471,52.3981176
2.37958,52.48173433
2.38473,52.67038183
2.38966,52.66936212
2.39474,52.75807743
2.39962,52.77745204
2.40471,52.76215629
2.40969,52.79070835
2.41467,52.87024621
2.41966,52.97323755
2.42474,53.05073598
2.42962,53.16086533
2.43471,53.17718079
2.43964,53.15984561
2.44478,53.17208221
2.44966,53.11905697
2.4548,53.23224547
2.45973,53.34339453
2.46476,53.38622261
2.46964,53.41783382
2.47478,53.49125338
2.47971,53.41375495
2.48475,53.46168161
2.48973,53.50247026
2.49476,53.53102232
2.49975,53.63809252
2.50478,53.68907833
2.50971,53.73700499
2.51475,53.78595137
2.51967,53.6748023
2.52466,53.74924159
2.52964,53.77881336
2.53473,53.87874555
2.5396,53.94910596
2.54475,53.98173688
2.54957,53.99397348
2.55466,54.04495929
2.55958,54.01742695
2.56462,54.11022113
2.56966,54.13877318
2.57458,54.15202949
2.57967,54.30804607
2.58466,54.34271642
2.58964,54.34067699
2.59457,54.34883472
2.59971,54.39676138
2.60464,54.45794435
2.60967,54.52320619
2.6146,54.61090179
2.61969,54.62721725
2.62467,54.63129611
2.62966,54.65271015
2.63458,54.63843412
2.63973,54.72816915
2.64466,54.71797199
2.64969,54.81688446
2.65462,54.87806743
2.65976,54.93313211
2.66464,54.88418573
2.66973,54.94027012
2.67471,54.92191523
2.67964,54.9892165
2.68467,55.08099096
2.68976,55.14931195
2.69469,55.17582457
2.69967,55.20641605
2.70471,55.20131747
2.7098,55.23292868
2.71473,55.26555959
2.71976,55.37161008
2.72474,55.42769447
2.72978,55.53476467
2.73471,55.48989716
2.73975,55.48479858
2.74473,55.50315347
2.74982,55.58880963
2.75469,55.61022367
2.75978,55.68466296
2.76466,55.73666849
2.76975,55.75706281
2.77462,55.70199813
2.77966,55.74074735
2.78464,55.7121953
2.78962,55.8131472
2.79466,55.92327655
2.79964,55.95896662
2.80462,55.90900053
2.8096,55.94367088
2.81464,55.86617244
2.81967,55.95692719
2.82466,56.08541143
2.82964,56.06399739
2.83462,56.17106759
2.83966,56.20267879
2.84464,56.20573794
2.84957,56.18228447
2.85471,56.23734915
2.85964,56.32606446
2.86467,56.36175452
2.8696,56.48208104
2.87474,56.53204713
2.87962,56.48514019
2.88471,56.49635706
2.88964,56.52490912
2.89462,56.58711181
2.8996,56.69316229
2.90474,56.79513391
2.90962,56.7879959
2.91466,56.80839022
2.91964,56.70947775
2.92478,56.82980427
2.92971,56.81144937
2.93469,56.90322383
2.93967,57.0082546
2.94476,56.99499829
2.94969,56.98480113
2.95473,56.92769702
2.95971,57.04700382
2.9648,57.05516155
2.96967,57.08269389
2.97482,57.24584848
2.97969,57.29377514
2.98478,57.29377514
2.98971,57.31824833
2.99474,57.33048493
2.99967,57.3916679
3.00476,57.48242264
3.00969,57.5303493
3.01473,57.52525072
3.01966,57.67922787
3.02469,57.62824206
3.02962,57.68024759
3.03466,57.67208986
3.03958,57.7373517
3.04467,57.79241637
3.0496,57.87297395
3.05464,57.91070345
3.05962,57.93823579
3.0646,57.93517664
3.06964,57.93313721
3.07467,57.98616245
3.07966,58.02899053
3.08458,58.14931705
3.08967,58.14421846
3.0946,58.14727761
3.09964,58.18602683
3.10467,58.11464669
3.1096,58.19724371
3.11464,58.23905207
3.11967,58.3603983
3.1246,58.429739
3.12969,58.45319248
3.13462,58.44503475
3.13976,58.44911361
3.14464,58.53578949
3.14967,58.47766567
3.1546,58.57861757
3.15975,58.67854976
3.16457,58.76828479
3.16971,58.74279188
3.17464,58.78358053
3.17978,58.78561996
3.18466,58.84578322
3.18974,58.93551825
3.19467,59.01301668
3.19976,59.06400249
3.20469,59.033411
3.20978,59.00893781
3.21471,59.04156873
3.2198,59.13130376
3.22473,59.20166418
3.22976,59.19350645
3.23469,59.31893154
3.23973,59.24653169
3.24466,59.28834005
3.24974,59.37705537
3.25462,59.31179353
3.25971,59.43721862
3.26464,59.40968628
3.26967,59.53205223
3.27466,59.54224939
3.27964,59.561624
3.28462,59.5677423
3.28966,59.59425492
3.29458,59.65849704
3.29957,59.61362953
3.3046,59.65849704
3.30964,59.81043476
3.31462,59.87365716
3.31971,59.9450373
3.32458,59.86753886
3.32962,59.96033304
3.33466,59.91546553
3.33964,59.98480623
3.34467,59.84612482
3.34966,59.95931332
3.35474,60.0021414
3.35962,60.06230466
3.36466,60.09697501
3.36953,60.13062565
3.37473,60.20710436
3.37955,60.1907889
3.38469,60.30805627
3.38962,60.38453498
3.39471,60.40085044
3.39958,60.51403894
3.40467,60.50588121
3.4096,60.52729525
3.41469,60.52729525
3.41962,60.63436546
3.42476,60.70778502
3.42964,60.78018487
3.43473,60.86788047
3.43971,60.85462416
3.44475,60.8821565
3.44973,60.81383551
3.45476,60.97902954
3.45969,60.98718727
3.46478,61.03511393
3.46966,60.99228585
3.47475,61.12994754
3.47967,61.07182371
3.48471,61.13606583
3.48969,61.15034186
3.49473,61.18195306
3.49966,61.25639235
3.50475,61.36346255
3.50962,61.34204851
3.51466,61.40221176
3.51958,61.38487659
3.52473,61.42158637
3.52955,61.40731035
3.5348,61.52559743
3.53951,61.59085926
3.54471,61.62552962
3.54958,61.64184507
3.55462,61.63572678
3.5596,61.65816053
3.56464,61.64184507
3.56967,61.76115187
3.57471,61.76421102
3.57964,61.86312349
3.58457,61.94062192
3.58966,62.00894291
3.59453,61.95693738
3.59973,61.99160774
3.6046,62.02933724
3.60969,62.09969765
3.61462,62.11703283
3.61966,62.25163537
3.62458,62.2597931
3.62967,62.20982701
3.6346,62.20982701
3.63975,62.2914043
3.64451,62.28222686
3.64971,62.38725763
3.65464,62.40051394
3.65973,62.48515038
3.66466,62.50860386
3.66974,62.59426002
3.67467,62.47801237
3.67976,62.50146584
3.68464,62.54633336
3.68973,62.61873321
3.69471,62.74313858
3.69969,62.71152738
3.70473,62.74517802
3.70976,62.7757695
3.71469,62.76455263
3.71978,62.86244538
3.72466,62.84409049
3.7298,62.9766536
3.73462,62.98889019
3.73982,63.04497458
3.74464,63.0521126
3.74983,63.0776055
3.7546,63.10309841
3.75974,63.16020252
3.76462,63.28562761
3.76971,63.34579087
3.77464,63.49161028
3.77973,63.45286107
3.78466,63.49161028
3.78974,63.48855114
3.79462,63.48141312
3.7996,63.60887765
3.80464,63.64660715
3.80962,63.62111424
3.81466,63.69657324
3.81964,63.72410558
3.82462,63.71696757
3.82966,63.72002672
3.83458,63.73532246
3.83962,63.83117578
3.84466,63.87298415
3.84958,63.94844315
3.85473,63.9137728
3.85955,63.81893919
3.86469,63.88929961
3.86962,63.90867422
3.87471,63.97801492
3.87958,64.05653307
3.88473,64.07386824
3.8896,64.096302
3.89475,64.08916399
3.89962,64.09120342
3.90471,64.13811036
3.90969,64.19215532
3.91467,64.31350155
3.91966,64.30840297
3.92475,64.33899446
3.92967,65.4861752
3.93476,65.71153248
3.93964,66.99331576
3.94478,67.55313996
3.94966,67.63471726
3.95223,68.94811174
3.95287,70.23907247
3.95357,71.7635482
3.9541,73.16259885
3.95458,74.64934509
3.95507,76.09530268
3.95555,77.41583517
3.95608,78.8261027
3.95667,80.1343986
3.95732,81.47634513
3.95817,82.81931139
3.95941,84.1724748
3.96149,85.45221865
3.96316,86.75031739
3.96391,88.14426945
3.9645,89.55351726
3.96498,91.00151428
3.96551,92.36895372
3.9661,93.64869757
3.9668,95.0722214
3.96749,96.44883829
3.96814,97.81729745
3.96889,99.15006654
3.96975,100.5817481
3.97055,102.0093508
3.97125,103.2850158
3.97205,104.6228835
3.97285,106.0362101
3.97366,107.4413791
3.97441,108.8720409
3.9751,110.3455308
3.97564,111.652807
3.97633,113.0192267
3.97708,114.4315337
3.97773,115.7255536
3.97848,117.147038
3.97939,118.6042124
3.98003,119.8859957
3.98062,121.2595535
3.98116,122.6045592
3.98175,123.8853227
3.98233,125.1691454
3.98292,126.5131314
3.98357,127.9142215
3.98426,129.3887311
3.98474,130.7092636
3.98523,132.0450919
3.98576,133.467596
3.98657,134.9043761
3.98742,136.198396
3.98823,137.578072
3.9893,138.990379
3.9901,140.3751536
3.99074,141.6844692
3.99139,143.0223369
3.99208,144.3867172
3.99283,145.781689
3.99348,147.0920243
3.99412,148.5583762
3.99466,149.8615735
3.99519,151.2065792
3.99567,152.5699398
3.99616,153.9139258
3.99664,155.2018273
3.99723,156.6651201
3.99782,158.0447961
3.99835,159.36023
3.99894,160.6450725
3.99969,162.1134638
4.00039,163.6022495
4.00098,164.9452157
4.00151,166.2963397
4.00221,167.7178241
4.00296,169.0169426
4.00371,170.3986581
4.00446,171.8262608
4.00521,173.183503
4.00585,174.4785426
4.00671,175.8735144
4.00767,177.1838497
4.00853,178.5523089
4.00939,179.9452412
4.01014,181.3748834
4.01073,182.7708749
4.01126,184.2494634
4.01174,185.648514
4.01244,187.1301617
4.01303,188.4394773
4.01367,189.9088884
4.01426,191.239618
4.01485,192.6356095
4.01539,194.1172572
4.01587,195.6560089
4.01635,197.1294989
4.01683,198.4510511
4.01742,199.8817129
4.01801,201.2522115
4.01855,202.572744
4.01919,203.9891298
4.0193,204.1859351
4.01989,205.6278138
4.01994,206.9891349
4.01839,205.5533745
4.01774,204.2277434
4.01726,202.9072109
4.01673,201.3684592
4.0163,200.075459
4.01587,198.6723295
4.01539,197.1692678
4.01496,195.5713725
4.01442,193.8857816
4.01394,192.1339091
4.01346,190.3259523
4.01303,188.4741476
4.01255,186.5907318
4.01212,184.6940596
4.01169,182.8045255
4.01132,180.9517011
4.01089,179.1539415
4.01051,177.4173647
4.01014,175.7389119
4.00976,174.1196025
4.00939,172.551279
4.00907,171.027823
4.00869,169.5380176
4.00832,168.0788037
4.00794,166.6461024
4.00762,165.2470517
4.0073,163.8857306
4.00703,162.5651981
4.00671,161.286474
4.00639,159.6528886
4.00596,158.0927228
4.00553,156.5825231
4.0051,155.1029149
4.00462,153.6335038
4.00419,152.1314618
4.00371,150.578434
4.00333,148.9662627
4.00291,147.3224802
4.00248,145.6888948
4.0021,144.0909995
4.00167,142.5410308
4.0013,141.0308311
4.00087,139.5481637
4.0005,138.0909893
4.00007,136.6552288
3.99964,135.2266064
3.99921,133.7826883
3.99883,132.3081786
3.99841,130.8244915
3.99803,129.3652776
3.9976,127.9509313
3.99723,126.5722749
3.99691,125.2109538
3.99653,123.8853227
3.9961,122.3119006
3.99562,120.8567656
3.99508,119.4770895
3.99455,118.0617234
3.99401,116.5341885
3.99358,115.2411884
3.99316,113.9145376
3.99273,112.5797291
3.99235,111.2551177
3.99192,109.9345852
3.99155,108.6222104
3.99117,107.337368
3.99069,105.8088134
3.99016,104.3812107
3.98967,102.9943967
3.98914,101.573932
3.9886,100.0984026
3.98812,98.64326758
3.98758,97.25543381
3.98705,95.8584226
3.98662,94.40226785
3.98624,93.00423692
3.98571,91.52768784
3.98512,90.13883436
3.98448,88.61231919
3.98389,87.25609663
3.98341,85.87642059
3.98287,84.44983761
3.98233,82.95799279
3.9818,81.48552258
3.98137,80.14255633
3.98078,78.74656483
3.98019,77.38932255
3.97955,76.10040126
3.97896,74.81759826
3.97821,73.35838436
3.97746,71.87979585
3.97687,70.59291399
3.97628,69.29889412
3.97553,67.89066603
3.97408,66.59052786
3.96889,66.07251202
3.96401,66.01540791
3.95898,65.88386452
3.9541,65.40255847
3.94891,64.88760178
3.94408,63.69249438
3.93894,63.49263
3.93407,63.47223568
3.92898,63.44674277
3.92416,63.40289497
3.91896,63.32743597
3.91408,63.20099116
3.90899,63.11125614
3.90412,63.06740834
3.89898,63.10513784
3.8941,63.07148721
3.88896,63.02356054
3.88408,62.98481133
3.87894,62.9011946
3.87401,62.8634651
3.86898,62.80942014
3.864,62.80942014
3.85896,62.78392723
3.85403,62.81247929
3.84894,62.69215277
3.84391,62.72070483
3.83898,62.70438937
3.83389,62.5555108
3.82896,62.50656442
3.82392,62.46067719
3.81894,62.4922884
3.81391,62.50758414
3.80887,62.43722372
3.80389,62.38827734
3.79891,62.31893664
3.79392,62.25775367
3.78894,62.25469452
3.78385,62.23226076
3.77892,62.20676786
3.77389,62.16801864
3.76896,62.04973156
3.76392,61.98752887
3.75899,61.92532618
3.75391,61.86822207
3.74903,61.9263459
3.74394,61.8947347
3.73901,61.94368107
3.73398,61.79990109
3.72899,61.71220549
3.72396,61.69792947
3.71903,61.54497203
3.71394,61.53885374
3.70907,61.56638607
3.70398,61.53987345
3.6991,61.49194679
3.69396,61.43280325
3.68914,61.31757532
3.68394,61.33796964
3.67912,61.29310213
3.67398,61.28086554
3.6691,61.27474724
3.66396,61.29922043
3.65914,61.18195306
3.65399,61.08915889
3.64907,61.0524491
3.64398,61.04837024
3.6391,60.99636471
3.63396,61.04327166
3.62903,61.00044358
3.62399,61.0962969
3.61907,60.88725508
3.61398,60.8005792
3.60899,60.76182998
3.60396,60.73531736
3.59898,60.74857367
3.59389,60.71186389
3.58891,60.74755396
3.58387,60.66393723
3.57889,60.56502475
3.57391,60.50384178
3.56887,60.47936859
3.56389,60.42532363
3.55885,60.43246165
3.55392,60.42226448
3.54889,60.33456889
3.54391,60.34884492
3.53887,60.18569032
3.53394,60.15407912
3.52896,60.08269898
3.52392,60.08167927
3.51894,60.07556097
3.51396,60.0459892
3.50892,60.014378
3.50394,59.91240638
3.49891,59.90424865
3.49398,59.78290242
3.48894,59.77882355
3.48407,59.79106015
3.47898,59.76862639
3.47405,59.73293632
3.46891,59.67787165
3.46403,59.58099861
3.45894,59.51369734
3.45407,59.53919024
3.44898,59.45761295
3.4441,59.47596784
3.43896,59.47698755
3.43408,59.40050884
3.42894,59.40662714
3.42412,59.26488658
3.41898,59.27610346
3.4141,59.25672885
3.40901,59.3036358
3.40414,59.2975175
3.39894,59.26284715
3.39412,59.17413184
3.38898,59.03137157
3.3841,59.0017998
3.37896,58.98650406
3.37403,58.9956815
3.36894,58.92328165
3.36401,58.89167045
3.35898,58.79785656
3.35399,58.69588494
3.34896,58.68058919
3.34392,58.62654423
3.33889,58.63878083
3.33391,58.61940622
3.32887,58.60716962
3.32383,58.52559233
3.31891,58.48174453
3.31387,58.3665166
3.30889,58.33082653
3.30391,58.3920095
3.29892,58.40016723
3.29394,58.35020114
3.28896,58.40118695
3.28392,58.30023504
3.27889,58.25128867
3.27385,58.2094803
3.26892,58.19214513
3.26394,58.2533281
3.25901,58.20744087
3.25392,58.1717508
3.24894,58.13096215
3.24391,58.03612855
3.23898,57.98616245
3.23394,57.90866402
3.22901,57.89132884
3.22392,57.93925551
3.219,57.86889509
3.21391,57.88724998
3.20908,57.81179098
3.20394,57.73021368
3.19907,57.64047865
3.19398,57.54156618
3.18916,57.53442817
3.18396,57.50281697
3.17914,57.50281697
3.17394,57.43857484
3.16912,57.4232791
3.16398,57.31926805
3.15916,57.2468682
3.15401,57.26318366
3.14914,57.18262608
3.14399,57.17242891
3.13907,57.14693601
3.13398,57.12654168
3.12905,57.03272779
3.12396,56.97868283
3.11898,56.95217021
3.11389,56.86141547
3.10891,56.87875064
3.10398,56.8950661
3.09894,56.84306058
3.09385,56.74720725
3.08892,56.72987208
3.08389,56.61872301
3.07891,56.56875691
3.07392,56.60648641
3.06889,56.57793436
3.06391,56.59832869
3.05887,56.55346117
3.05389,56.50451479
3.04891,56.40356289
3.04392,56.35257708
3.03889,56.31892644
3.03391,56.31178843
3.02892,56.35053765
3.02394,56.27507865
3.01896,56.23632943
3.01392,56.15781128
3.00894,56.11600292
3.00391,56.05787909
2.99892,56.01097215
2.99399,55.96610463
2.98896,55.97834123
2.98403,55.99261725
2.97894,55.89676393
2.97407,55.87433017
2.96892,55.84577812
2.9641,55.75196423
2.95891,55.70097842
2.95408,55.73462905
2.94894,55.74584593
2.94412,55.70097842
2.93898,55.72137274
2.93416,55.6367363
2.92896,55.57147446
2.92414,55.52864638
2.919,55.45828596
2.91412,55.46848312
2.90898,55.46950284
2.9041,55.45726624
2.89896,55.39200441
2.89403,55.31348626
2.889,55.24618499
2.88407,55.20845549
2.87892,55.26046101
2.874,55.19621889
2.86896,55.20335691
2.86398,55.15950911
2.85894,55.102405
2.85396,55.06059664
2.84892,54.96678274
2.84389,54.92191523
2.83891,54.90661949
2.83387,54.9259941
2.82894,54.85359424
2.82391,54.84951538
2.81892,54.75774092
2.81389,54.69757766
2.80885,54.61498065
2.80387,54.57521172
2.79889,54.55583711
2.79391,54.54665966
2.78887,54.58336945
2.78394,54.49057527
2.77896,54.42735287
2.77387,54.33863756
2.769,54.33251926
2.76391,54.29988834
2.75898,54.3100855
2.75389,54.33863756
2.74901,54.26725742
2.74392,54.23564622
2.73899,54.10614226
2.73396,54.10716198
2.72903,54.02150581
2.724,54.02558468
2.71907,54.03884099
2.71392,54.02252553
2.70905,53.92667221
2.70396,53.82164144
2.69908,53.77269506
2.69394,53.74720215
2.68912,53.76861619
2.68392,53.77371478
2.6791,53.74414301
2.67401,53.70641351
2.66914,53.64115167
2.66394,53.54121948
2.65907,53.49431253
2.65398,53.45760275
2.64905,53.4667802
2.64401,53.46270133
2.63908,53.4545436
2.634,53.39641978
2.62901,53.31688191
2.62398,53.22510745
2.61899,53.22102859
2.61396,53.21491029
2.60898,53.25569894
2.60394,53.20675256
2.59896,53.1527076
2.59392,53.13945129
2.58894,53.11599782
2.58391,52.98445443
2.57887,52.94774464
2.57389,52.93346862
2.56896,52.93040947
2.56392,52.94672493
2.55883,52.89064053
2.55396,52.75501828
2.54887,52.73360424
2.54394,52.63469177
2.53891,52.61939602
2.53392,52.63367205
2.52889,52.63163262
2.52391,52.60308056
2.51892,52.57350879
2.51394,52.54291731
2.50896,52.45114285
2.50398,52.44706398
2.49889,52.37772328
2.49396,52.37364441
2.48892,52.38690073
2.48399,52.2971657
2.47896,52.25841648
2.47408,52.19315465
2.46889,52.08302529
2.46401,52.09322246
2.45898,52.14318855
2.4541,52.10138019
2.44891,52.07180842
2.44408,52.0269409
2.43899,51.98615225
2.43407,51.93312701
2.42898,51.86072716
2.4241,51.81687936
2.41901,51.8128005
2.41408,51.86378631
2.40899,51.82809624
2.40412,51.70980916
2.39898,51.71796689
2.3941,51.57520662
2.38896,51.51606308
2.38408,51.50280677
2.37894,51.4355055
2.37401,51.35086905
2.36898,51.29988324
2.36394,51.27541005
2.35896,51.13061035
2.35403,51.1275512
2.34894,51.06840766
2.34391,51.07554568
2.33898,51.07656539
2.33389,51.04903305
2.32891,50.85426726
2.32392,50.77370968
2.31894,50.79308428
2.31391,50.80838003
2.30887,50.86446442
2.30389,50.74923649
2.29891,50.68907323
2.29392,50.60341707
2.28894,50.53101722
2.28391,50.54835239
2.27892,50.50654403
2.27389,50.55243126
2.26896,50.57078615
2.26392,50.57180587
2.25899,50.38315837
2.25391,50.17921512
2.24898,50.18431371
2.24394,50.09967726
2.23901,49.98750848
2.23392,49.98037046
2.22905,49.80192013
2.22396,49.66527815
2.21903,49.53577419
2.21394,49.57758256
2.20907,49.47561094
2.20398,49.54393192
2.1991,49.42360541
2.19396,49.40219137
2.18914,49.25025365
2.18394,49.15542005
2.17912,49.09525679
2.17398,49.03203438
2.1691,49.07384275
2.16396,48.97696971
2.15908,48.94841766
2.154,48.78526306
2.14907,48.64658166
2.14398,48.59457613
2.1391,48.46405245
2.13401,48.38451459
2.12898,48.31517389
2.124,48.4293821
2.11901,48.30293729
2.11392,47.96745066
2.10899,47.88689308
2.10396,47.65439778
2.09898,47.49634177
2.09389,47.55548531
2.08891,47.55548531
2.08392,47.60851055
2.07889,47.50144035
2.07391,47.33930547
2.06892,47.25976761
2.06389,47.14861854
2.05885,47.10477074
2.05392,46.96710905
2.04889,46.77642212
2.04391,46.63570128
2.03887,46.4980396
2.03394,46.38383138
2.02896,46.2971555
2.02392,46.19314445
2.01894,46.23087395
2.01391,46.04936446
2.00898,45.94229426
2.004,45.80973115
1.99896,45.72713414
1.99398,45.44977133
1.98894,45.33862226
1.98401,45.16527051
1.97898,45.11836356
1.97405,44.91544003
1.96891,44.67070814
1.96403,44.61666318
1.95894,44.56975624
1.95407,44.52692816
1.94898,44.49327752
1.94405,44.48410007
1.93896,44.38824675
1.93408,44.17818521
1.92894,44.03032636
1.92412,43.91611814
1.91898,43.762141
1.9141,43.51944854
1.90901,43.34813621
1.90408,43.27267721
1.89894,43.08402971
1.89412,43.10952262
1.88898,42.95146661
1.88405,42.85867243
1.87896,42.84745555
1.87403,42.75670081
1.86894,42.58844764
1.86401,42.43039162
1.85898,42.16118654
1.85399,42.12447676
1.84896,41.99191365
1.84387,42.06635293
1.83894,42.01944599
1.83391,42.03474173
1.82892,41.75533949
1.82383,41.724748
1.81896,41.57281029
1.81392,41.50652873
1.80889,41.20673217
1.80391,41.11393799
1.79887,40.84677234
1.79394,40.67138115
1.78896,40.50006883
1.78392,40.20944971
1.77889,40.10849781
1.77391,40.12379355
1.76898,40.11869497
1.76394,40.12583298
1.75901,40.01060505
1.75392,39.91577144
1.74894,39.83827301
1.74391,39.77810975
1.73898,39.76179429
1.73394,39.81481954
1.72901,39.7434394
1.72398,39.75873514
1.719,39.89639683
1.71391,39.7434394
1.70903,39.66900012
1.70394,39.67817756
1.69907,39.60067913
1.69398,39.50482581
1.68916,39.63942835
1.68396,39.48953006
1.67914,39.32535575
1.67394,39.29170512
1.66912,39.29374455
1.66398,39.15302371
1.6591,39.10917592
1.65396,39.14894485
1.64908,39.04493379
1.64399,38.88483835
1.63907,38.86138488
1.63398,38.73901893
1.62899,38.8063202
1.62396,38.78490616
1.61898,38.88891721
1.61394,38.89299608
1.60891,38.96029735
1.60403,38.90421296
1.59894,38.90421296
1.59391,38.84914828
1.58892,38.70842744
1.58389,38.60951497
1.57891,38.38619712
1.57392,38.18021445
1.56889,38.03847389
1.56391,37.96913319
1.55887,37.98646837
1.55394,37.94771915
1.54885,38.11597232
1.54392,38.01909928
1.53889,38.07314424
1.53391,38.05580907
1.52892,38.0578485
1.52389,38.03745418
1.51891,38.06702595
1.51392,38.02113872
1.50894,37.97219234
1.50396,37.99972468
1.49892,37.78048569
1.49399,37.58775933
1.48891,37.64588315
1.48398,37.66933662
1.47889,37.68361265
1.47407,37.63160712
1.46887,37.5734833
1.4641,37.5041426
1.45896,37.39197381
1.45408,37.33384999
1.44894,37.40217098
1.44412,37.37361892
1.43898,37.29204162
1.4341,37.46233423
1.42896,37.416447
1.42414,37.3909541
1.41899,37.1523405
1.41412,37.22168121
1.40903,37.03405342
1.4041,36.80971586
1.39891,36.65165984
1.39403,36.50584042
1.38899,36.45485461
1.38407,36.43853915
1.37892,36.40488852
1.37399,36.45179547
1.36896,36.52623475
1.36398,36.72507941
1.35894,36.61291063
1.35396,36.61087119
1.34892,36.48238695
1.34389,36.31209434
1.33891,36.16627493
1.33387,36.04390898
1.32894,36.03575125
1.32391,36.06736245
1.31892,36.03167239
1.31389,35.83588687
1.30891,35.85322205
1.30392,35.84098545
1.29894,35.81957141
1.29391,35.86851779
1.28892,35.90420786
1.28389,35.7308561
1.27896,35.54016917
1.27387,35.49428194
1.26894,35.45145386
1.26391,35.63602249
1.25898,35.5605635
1.25389,35.73289554
1.24901,35.66355483
1.24392,35.5167157
1.23899,35.49326223
1.23396,35.54424804
1.22903,35.66967313
1.224,35.64214079
1.21907,35.56974094
1.21387,35.22201771
1.20905,35.19856424
1.20396,35.05580397
1.19908,35.05886312
1.194,34.99054213
1.18917,34.90080711
1.18392,35.07313915
1.1791,35.0201139
1.17401,35.01297589
1.16914,34.97116752
1.16394,34.8814325
1.15912,34.74377081
1.15398,34.80393407
1.14905,34.70400188
1.14401,34.74682996
1.13908,34.72337648
1.13399,34.68360755
1.12901,34.71521875
1.12398,34.59591196
1.11899,34.50923608
1.11396,34.57041905
1.10898,34.5041375
1.10394,34.36851524
1.09896,34.28693795
1.09392,34.25124788
1.08894,34.18598604
1.08391,34.12582278
1.07887,34.03506804
1.07389,33.96878649
1.06896,34.09829045
1.06392,33.93513585
1.05889,34.05648208
1.05396,34.05444265
1.04887,34.10134959
1.04394,33.9820428
1.03891,33.90964295
1.03392,33.71079828
1.02889,33.55886057
1.02391,33.45179037
1.01892,33.37531165
1.01394,33.37735108
1.00896,33.47014526
1.00398,33.44057349
0.99889,33.41406087
0.99396,33.40896229
0.98892,33.46606639
0.98399,33.44465235
0.97896,33.28353719
0.97408,33.26008372
0.96889,33.17748671
0.96401,33.15709238
0.95898,32.97966176
0.9541,33.04900246
0.94896,32.92765623
0.94408,32.86035496
0.93899,32.81038887
0.93407,32.89910418
0.92898,32.88482815
0.9241,32.92663652
0.91896,32.96130687
0.91408,32.94397169
0.909,32.92969567
0.90412,32.79101426
0.89898,32.77673823
0.8941,32.66049059
0.88896,32.50141486
0.88408,32.41269955
0.87899,32.27503786
0.87401,32.30562934
0.86898,32.17408595
0.86394,32.10474525
0.85891,31.90284144
0.85403,32.01195107
0.84894,32.14349447
0.84391,32.08944951
0.83898,31.94261037
0.83389,31.7243911
0.82896,31.57653225
0.82392,31.55103935
0.81889,31.58061112
0.81391,31.61324203
0.80887,31.62139976
0.80389,31.61324203
0.79891,31.52554644
0.79392,31.51229013
0.78894,31.36239185
0.78385,31.30834689
0.77898,31.30222859
0.77389,31.33893837
0.76896,31.25124278
0.76392,31.31242575
0.759,31.24512448
0.75391,30.95960394
0.74898,31.06769386
0.74399,31.11052194
0.73901,31.1961781
0.73392,31.29509058
0.72905,31.32058348
0.72396,31.16762605
0.71898,30.98917571
0.71394,30.83927743
0.70907,30.68733971
0.70398,30.67000454
0.6991,30.64451163
0.69396,30.51908654
0.68914,30.44872612
0.68394,30.3467545
0.67907,30.38040513
0.67398,30.42017407
0.6691,30.48747534
0.66396,30.40487832
0.65908,30.43241066
0.654,30.38040513
0.64901,30.45586413
0.64392,30.29168982
0.6391,30.10202261
0.63401,30.00005099
0.62903,29.9633412
0.62399,30.0887663
0.61901,30.08468743
0.61398,30.07143112
0.609,30.0887663
0.60396,29.90215823
0.59898,29.77775285
0.59389,29.68903754
0.58891,29.61153911
0.58387,29.64009116
0.57889,29.82771895
0.57396,29.72676704
0.56892,29.7369642
0.56394,29.72370789
0.55885,29.78183172
0.55392,29.66048549
0.54889,29.58502649
0.54391,29.45654224
0.53887,29.36680722
0.53394,29.24138212
0.52896,29.11697675
0.52392,29.04661633
0.51894,29.07312895
0.51391,28.98135449
0.50898,29.06803037
0.50394,29.08842469
0.49896,29.16898227
0.49398,29.27605247
0.48894,29.19651461
0.48401,29.17714
0.47898,29.0955627
0.4741,29.07516838
0.46891,28.85898854
0.46403,28.6988931
0.45894,28.65402558
0.45407,28.51228503
0.44898,28.31344037
0.4441,28.36646561
0.43901,28.34505157
0.43408,28.38278107
0.42894,28.42458944
0.42412,28.48985127
0.41898,28.49698929
0.41405,28.36850505
0.40901,28.28794746
0.40414,28.39603738
0.39899,28.21656733
0.39412,28.14824634
0.38898,27.98407203
0.38405,27.85150893
0.37896,27.87700183
0.37403,27.95246083
0.36894,27.73220213
0.36401,27.79746397
0.35898,27.6924332
0.35399,27.6363488
0.34896,27.65164455
0.34392,27.60167845
0.33894,27.62309249
0.33391,27.86986382
0.32887,27.81989772
0.32383,27.76483305
0.31896,27.56190952
0.31387,27.55987009
0.30894,27.49358853
0.30391,27.43342528
0.29892,27.48645052
0.29389,27.58638271
0.28891,27.48339137
0.28392,27.46299705
0.27889,27.34470997
0.27391,27.31207905
0.26892,27.28454671
0.26394,27.19481168
0.25901,27.26211295
0.25392,27.28046785
0.24894,27.36000571
0.24391,27.40895209
0.23898,27.26823125
0.23394,27.1958314
0.22901,27.12853013
0.22398,27.01840078
0.21905,26.99902617
0.21391,26.95823752
0.20903,27.04593312
0.20394,26.95517837
0.19907,26.98984873
0.19398,26.8246547
0.1891,26.80935896
0.18396,26.8501476
0.17914,27.09284006
0.174,27.12139212
0.16912,27.19379197
0.16398,27.16829906
0.1591,26.95109951
0.15396,26.70024932
0.14908,26.66353954
0.144,26.81751669
0.13907,26.91031086
0.13398,26.9378432
0.12899,26.85218704
0.12401,27.00310504
0.11898,26.99902617
0.11394,26.87869966
0.10891,26.80018151
0.10398,26.94498121
0.09894,26.80629981
0.09391,26.76653087
0.08892,26.94600093
0.08389,26.95415866
0.07891,26.84198987
0.07392,26.90725171
0.06889,26.91235029
0.06391,26.83485186
0.06208,25.49086589
0.06096,24.10405184
0.05962,22.75394758
0.05844,21.42627707
0.05716,20.12206003
0.05464,18.80254725
0.04966,17.92661102
0.04467,18.67304329
0.04108,17.24849974
0.04044,15.93816441
0.0398,14.6166122
0.03899,13.21552212
0.03808,11.8307475
0.03707,10.55304309
0.03551,9.274318957
0.03401,7.903820367
0.03267,6.554735817
0.03096,5.231144173
0.02941,3.919789123
0.0278,2.592118613
0.02523,1.315433915
0.02158,0.030591486
0.01666,0.057104108
0.01157,0.063222405
0.00658,0.128484243
0.00155,0.095853324